000103,283.2.pdf
000104,283.3.pdf
000111,283.4.pdf
000303,285.2.pdf
000304,285.3.pdf
000305,285_1.pdf
000308,285.5.pdf
000310,285.6.pdf
000313,285.8.pdf
000326,285.9.pdf
000328,285.10.pdf
010203,294.1.pdf
010206,294.2.pdf
010207,294_2.pdf
010208,294.4.pdf
010502,297.1.pdf
010505,297.2.pdf
010515,297.4.pdf
010516,297.5.pdf
010603,298.1.pdf
010702,299.1.pdf
010703,299.2.pdf
010704,299_1.pdf
010705,299_2.pdf
010710,299.5.pdf
010712,299.6.pdf
010713,299.7.pdf
010716,299.8.pdf
010802,300.pdf
010902,301.1.pdf
011103,303.pdf
011104,303_2.pdf
011106,303.3.pdf
011109,303_4.pdf
011117,303.4.pdf
020202,305-p1.pdf
020302,306-p1.pdf
020305,306-p2.pdf
020306,306-p3.pdf
020308,306-p4.pdf
020309,306-p5.pdf
020502,308-1.pdf
020502,308-1a.pdf
020504,308-2.pdf
020513,308-3.pdf
020602,309-p1.pdf
020605,309-p2.pdf
020610,309-4a.pdf
020610,309-4b.pdf
020613,309-5.pdf
020614,309-6.pdf
020616,309-7.pdf
020701,310-p1.pdf
020701,310-p2.pdf
030101,312-p7.pdf
030104,312-p1.pdf
030105,312-p2.pdf
030106,312-p3.pdf
030107,312-p4.pdf
030108,312-p5.pdf
030110,312-p6.pdf
030112,312-p7.pdf
030115,312-p8.pdf
030118,312-p9.pdf
030119,312-p10.pdf
030202,313-p1.pdf
030206,313-p2.pdf
030414,315-p1.pdf
030415,315-p2.pdf
030416,315-p3.pdf
030418,315-p4.pdf
030702,318-p1.pdf
040106,3211.pdf
040107,3212.pdf
040108,3213.pdf
040109,3214.pdf
040110,3215.pdf
040111,3216.pdf
040112,3217.pdf
040113,3218.pdf
040114,3219.pdf
040116,32110.pdf
040123,32111.pdf
040124,32112.pdf
040131,32114.pdf
040133,321.pdf
040134,32115.pdf
040202,3221.pdf
040203,3222.pdf
040204,3223.pdf
040205,3224.pdf
040206,3225.pdf
040209,322.pdf
040304,323_1.pdf
040305,3232.pdf
040401,324_1.pdf
040403,3241.pdf
040406,3242.pdf
040409,3243.pdf
040413,324_2.pdf
040413,324_3.pdf
040803,328_1.pdf
040815,328_2.pdf
041001,330.pdf
050102,1.pdf
050202,1.pdf
050203,2.pdf
050204,3.pdf
050205,4.pdf
050206,5.pdf
050207,6.pdf
050208,7.pdf
050209,8.pdf
050214,10.pdf
050215,11.pdf
050302,1.pdf
050303,2.pdf
050304,3.pdf
050305,4.pdf
050311,5.pdf
050314,7.pdf
050404,336.pdf
050406,336.3.pdf
050702,339.1.pdf
050703,339.2.pdf
050704,339.3.pdf
050709,339.4.pdf
050710,339.5.pdf
050711,339.6.pdf
050805,340.4.pdf
050807,340.5.pdf
050809,340.6.pdf
060105,341.1.pdf
060204,342.1.pdf
060205,342.2.pdf
060212,342_1.pdf
060213,342_2.pdf
060214,342_3.pdf
060214,342_4.pdf
060215,342.3.pdf
060216,342_5.pdf
060302,343.1.pdf
060303,343.2.pdf
060307,343.3.pdf
060310,343.4.pdf
060313,343.5.pdf
060316,343.6.1.pdf
060316,343.6.2.pdf
060319,343.7.pdf
060321,343.8.pdf
060701,347-p1.pdf
060804,348-p1.pdf
060811,348-p2.pdf
070116,349.1.pdf
070122,349.2.pdf
070123,349.3.pdf
070124,349.4.pdf
070202,350.1.pdf
070203,350.2.pdf
070204,350.3.pdf
070205,350.4.pdf
070206,350.5.pdf
070207,350.6.pdf
070208,350.7.pdf
070209,350.8.pdf
070210,350.9.pdf
070211,350.10.pdf
070215,350.11.pdf
070218,350.12.pdf
070220,350.13.pdf
070302,351.1.pdf
070303,351.2.pdf
070403,252.1.pdf
070404,252.2.pdf
070406,252.3.pdf
070407,252.4.pdf
070408,252.5.pdf
070409,252.6.pdf
070410,252.7.pdf
070419,252.8.pdf
070420,252.9.pdf
070425,252.10.pdf
070501,353.1.pdf
070612,354.1.pdf
070614,354.2.pdf
070616,354.3.pdf
070618,354.4.pdf
070619,354.5.pdf
080102,355.1.pdf
080105,355.2.pdf
080106,355.3.pdf
080107,355.4.pdf
080108,355.5.pdf
080109,355.6.pdf
080209,356.1.pdf
080211,356.2.pdf
080218,356.3.pdf
080219,356.4.pdf
080220,356.5.pdf
080221,356.6.pdf
080222,356.7.pdf
080227,356.8.pdf
080228,356.9.pdf
080230,356.10.pdf
080232,356.11.pdf
080233,356.12.pdf
080403,358.1.pdf
080404,358.2.pdf
080505,359.1.pdf
080506,359.2.pdf
080507,359.3.pdf
080508,359.4.pdf
080509,359.5.pdf
080510,359.6.pdf
080511,359.7.pdf
080512,359.8.pdf
080513,359.9.pdf
080514,359.10.pdf
080515,359.11.pdf
080519,359.12.pdf
080524,359.13.pdf
080543,359.14.pdf
080702,361 ug_prospectus08-09.pdf
090106,1.pdf
090107,2.pdf
090110,3.pdf
090111,4.pdf
090123,5.pdf
090127,363_127_6.pdf
090129,7.pdf
090130,8.pdf
090131,9.pdf
090132,10.pdf
090133,11.pdf
090207,1.pdf
090208,2.pdf
090211,3.pdf
090213,4.pdf
090219,5.pdf
090220,6.pdf
090227,8.pdf
090313,365_1.pdf
090314,365.2.pdf
090316,365.3.pdf
090317,365.4.pdf
090318,365.5.pdf
090319,365_06.pdf
090320,365_07.pdf
090321,365.08.pdf
090322,365_09.pdf
090323,365_10.pdf
090324,365_11.pdf
090325,365_12.pdf
090326,365_13.pdf
090327,365_14.pdf
090328,365_15.pdf
090337,365_16.pdf
090601,368_01.pdf
090704,369.01.pdf
090705,369.02.pdf
090706,369.03.pdf
090707,369.04.pdf
090708,369.05.pdf
090709,369.06.pdf
090710,369.07.pdf
090711,369.08.pdf
090712,369.09.pdf
090713,369.10.pdf
090714,369.11.pdf
090716,369.12.pdf
090721,369.13.pdf
090731,369_14.pdf
100417,373--01.pdf
100418,373--02.pdf
100419,373--03.pdf
100420,373--04.pdf
100421,373--05.pdf
100422,373--06.pdf
100423,373--07.pdf
100424,373--08.pdf
100425,373--09.pdf
100426,373--10.pdf
100427,373--11.pdf
100428,373--12.pdf
100435,373--13.pdf
100437,373--14.pdf
100441,373--15.pdf
100503,374.01a.pdf
100510,374.02a.pdf
100510,374_02.pdf
100512,374_03.pdf
100513,374_04.pdf
100514,374_05.pdf
100515,374_06.pdf
100516,374_07.pdf
100517,374_08.pdf
100518,374_09.pdf
100519,374_10.pdf
220113,Annexure-1.pdf
220118,Annexure-2.pdf
220119,Annexure-3.pdf
220122,Annexure-4.pdf
220124,Annexure-5.pdf
220126,Annexure-6.pdf
220128,Annexure-7.pdf
220129,Annexure-8.pdf
220130,Annexure-9.pdf
220131,Annexure-10.pdf
220133,Annexure-11.pdf
220137,Annexure-12.pdf
220144,Annexure-13.pdf
220207,Annexure-1.pdf
220216,Annexure-2.pdf
220217,Annexure-3.pdf
220224,Annexure-23.pdf
220302,Annexure-1.pdf
220319,Annexure-2.pdf
220703,Annexure-1.pdf
220704,Annexure-2.pdf
220705,Annexure-4.pdf
220706,Annexure-6.pdf
220707,Annexure-7.pdf
220708,Annexure-8.pdf
220709,Annexure-9.pdf
620202,2.1.pdf
620203,2.2.pdf
630101,3.1.pdf
630302,5.1.pdf
630402,6.1.pdf
640311,9.1.pdf
640501,1064.1.pdf
650103,11.1.pdf
650105,11.2.pdf
650107,11.3.pdf
650205,12.1.pdf
650209,12.2.pdf
650406,14.1.pdf
650905,19.1.pdf
660304,22.1.pdf
660407,23.1.pdf
740602,74.1.pdf
740605,74.0.pdf
760105,82.2.pdf
760106,82.3.pdf
765401,Batch-19.pdf
770901,98.pdf
780101,102.pdf
780203,103.pdf
780302,104.1.pdf
780303,104.2.pdf
780402,105.pdf
790102,110.pdf
790503,114.pdf
790903,118.pdf
800204,120.pdf
800302,121.pdf
800401,122.pdf
810106,126-p1.pdf
810202,127-p1.pdf
810208,127-p2.pdf
810303,128-p1.pdf
810304,128-p2.pdf
810403,129-p1.pdf
810404,129-p2.pdf
810701,132-p1.pdf
810906,134-p1.pdf
820101,135.pdf
820203,136.1.pdf
820204,136.2.pdf
820302,137.pdf
820502,139.pdf
820607,140.pdf
820904,143.1.pdf
830603,149.1.pdf
830701,150.1.pdf
830803,151.1.pdf
840704,158.2ka.pdf
840704,158.2kha.pdf
850105,159.1.pdf
850403,162.1.pdf
850404,162.2.pdf
860103,165.pdf
860304,167.pdf
880203,174-p1.pdf
880302,175-p1.pdf
880602,178-p1.pdf
880609,178-p2.pdf
890702,188-p1.pdf
901101,202-p1.pdf
910507,206_1.pdf
910509,206_2.pdf
930303,218.pdf
930307,218_1.pdf
930308,218_2.pdf
930509,220.pdf
930602,221.pdf
930903,224_1.pdf
931007,225.pdf
940105,227.1.pdf
940305,229.1.pdf
950107,232.1.pdf
950304,234.1.pdf
950308,234.4.pdf
950309,234.5.pdf
950407,235_1.pdf
950408,235_2.pdf
950409,235_3.pdf
950412,235.5.pdf
950501,236.1.pdf
950502,236.2.pdf
950604,237.2.pdf
950607,237.3.pdf
960406,242_1.pdf
960409,242_2.pdf
960609,244_1.pdf
960904,147_1.pdf
960906,147_2.pdf
960907,147_3.pdf
960908,147_4.pdf
970102,249.1.pdf
970203,250.1ka+1kh.pdf
970902,257.1.pdf
970903,257.2.pdf
970904,257.3.pdf
970905,257.4.pdf
970908,257.5.pdf
971004,258.1.pdf
971005,258.2.pdf
971006,258.3.pdf
971007,258.4.pdf
971012,258.5.pdf
971108,259.1.pdf
971109,259.2.pdf
971110,259.3.pdf
980310,263_1.pdf
980312,263_2.pdf
980313,263_3.pdf
980702,268.pdf
980807,296.2.pdf
990105,271.pdf
990712,277.1.pdf
990713,277.2.pdf
990717,277.4.pdf
990718,277.5.pdf
990901,279.1.pdf
990915,15.1.pdf
990915,15.2.pdf
991002,280.1.pdf
991003,280_1.pdf
991005,280_2.pdf
991210,282.1.pdf
